id;arquivo;tema;legenda_instagram;legenda_linkedin;url_publica_imagem;publicar_instagram;publicar_linkedin;status_instagram;status_linkedin;data_publicacao
1;assistência_técnica_em_informática_profissional.png;Assistência técnica em informática;"Assistência técnica em informática em Contagem.

Seu computador ou notebook está lento, travando ou precisando de manutenção? A PD Soluções Digitais oferece suporte técnico, conserto, formatação, manutenção preventiva e orientação para o melhor funcionamento do seu equipamento.

Atendimento para residências, empresas e pequenos comércios, com foco em solução prática, clareza e responsabilidade.

PD Soluções Digitais
Tecnologia acessível, suporte profissional.

Fale conosco: 31 99548-3280

#PDSolucoesDigitais #AssistenciaTecnica #Informatica #Manutencao #Conserto #Computador #Tecnico #Contagem #SuporteTecnico #Tecnologia #BeloHorizonte #Notebook #TI #Redes #SegurancaEletronica";"Assistência técnica em informática para residências, empresas e pequenos comércios.

A PD Soluções Digitais atua com suporte técnico, manutenção, conserto de computador, formatação, configuração de programas e orientação técnica para melhorar o uso da tecnologia no dia a dia.

Atendimento em Contagem, Belo Horizonte e região, com foco em diagnóstico, organização e solução prática.

Contato: 31 99548-3280

#PDSolucoesDigitais #AssistenciaTecnica #Informatica #Manutencao #Conserto #Computador #Tecnico #Contagem #SuporteTecnico #Tecnologia #BeloHorizonte #Notebook #TI #Redes #SegurancaEletronica";;sim;sim;pendente;pendente;
2;serviço_de_formatação_e_suporte_digital.png;Formatação de computadores e notebooks;"Formatação de computador e notebook com segurança.

A PD Soluções Digitais realiza formatação, instalação de programas essenciais, backup orientado, configuração inicial e ajustes para deixar o equipamento limpo, organizado e pronto para uso.

Ideal para computador lento, sistema travando ou equipamento precisando de manutenção.

Atendimento em Contagem, Belo Horizonte e região.

Fale conosco: 31 99548-3280

#PDSolucoesDigitais #AssistenciaTecnica #Informatica #Manutencao #Conserto #Computador #Tecnico #Contagem #SuporteTecnico #Tecnologia #BeloHorizonte #Notebook #TI #Redes #SegurancaEletronica";"Formatação de computadores e notebooks com foco em segurança, organização e desempenho.

A PD Soluções Digitais oferece suporte em informática, manutenção, backup orientado, instalação de programas e configuração do sistema para uso residencial ou empresarial.

Atendimento técnico em Contagem e região.

Contato: 31 99548-3280

#PDSolucoesDigitais #AssistenciaTecnica #Informatica #Manutencao #Conserto #Computador #Tecnico #Contagem #SuporteTecnico #Tecnologia #BeloHorizonte #Notebook #TI #Redes #SegurancaEletronica";;sim;sim;pendente;pendente;
3;instalação_de_ssd_e_apoio_técnico.png;Instalação de SSD e upgrade;"Seu computador está lento? A instalação de SSD pode melhorar muito o desempenho.

A PD Soluções Digitais realiza instalação de SSD, upgrade, backup orientado, formatação e configuração completa para computadores e notebooks.

Mais velocidade, melhor inicialização e mais produtividade no dia a dia.

Atendimento em Contagem e região.

Fale conosco: 31 99548-3280

#PDSolucoesDigitais #AssistenciaTecnica #Informatica #Manutencao #Conserto #Computador #Tecnico #Contagem #SuporteTecnico #Tecnologia #BeloHorizonte #Notebook #TI #Redes #SegurancaEletronica";"Instalação de SSD e upgrade para computadores e notebooks.

A PD Soluções Digitais oferece suporte técnico em informática para melhorar desempenho, organização e estabilidade de equipamentos residenciais e empresariais.

Serviços com orientação técnica, manutenção, backup e configuração.

Contato: 31 99548-3280

#PDSolucoesDigitais #AssistenciaTecnica #Informatica #Manutencao #Conserto #Computador #Tecnico #Contagem #SuporteTecnico #Tecnologia #BeloHorizonte #Notebook #TI #Redes #SegurancaEletronica";;sim;sim;pendente;pendente;
4;suporte_remoto_técnico_em_informática.png;Suporte remoto técnico;"Precisa de suporte técnico sem sair de casa ou da empresa?

A PD Soluções Digitais oferece suporte remoto para ajustes, configurações, programas, sistemas, e-mails, orientações e pequenas correções em computadores e notebooks.

Atendimento rápido, seguro e prático.

Atendimento em Contagem, Belo Horizonte e região.

Fale conosco: 31 99548-3280

#PDSolucoesDigitais #AssistenciaTecnica #Informatica #Manutencao #Conserto #Computador #Tecnico #Contagem #SuporteTecnico #Tecnologia #BeloHorizonte #Notebook #TI #Redes #SegurancaEletronica";"Suporte remoto em informática para empresas, comércios e residências.

A PD Soluções Digitais auxilia em configurações, sistemas, programas, acesso, organização e suporte técnico do dia a dia, reduzindo deslocamentos e agilizando soluções.

Atendimento em Contagem e região.

Contato: 31 99548-3280

#PDSolucoesDigitais #AssistenciaTecnica #Informatica #Manutencao #Conserto #Computador #Tecnico #Contagem #SuporteTecnico #Tecnologia #BeloHorizonte #Notebook #TI #Redes #SegurancaEletronica";;sim;sim;pendente;pendente;
5;redes_e_wi_fi_solução_digital_profissional.png;Redes e Wi-Fi;"Wi-Fi fraco, internet instável ou roteador desconfigurado?

A PD Soluções Digitais realiza configuração de redes, roteadores, melhoria de sinal Wi-Fi, suporte em conectividade e organização de rede para casas, empresas e pequenos comércios.

Mais estabilidade para o seu dia a dia.

Atendimento em Contagem e região.

Fale conosco: 31 99548-3280

#PDSolucoesDigitais #AssistenciaTecnica #Informatica #Manutencao #Conserto #Computador #Tecnico #Contagem #SuporteTecnico #Tecnologia #BeloHorizonte #Notebook #TI #Redes #SegurancaEletronica";"Redes e Wi-Fi com mais estabilidade para empresas e residências.

A PD Soluções Digitais oferece suporte técnico em configuração de roteadores, melhoria de sinal, organização de rede e conectividade para pequenos ambientes comerciais e residenciais.

Atendimento em Contagem, Belo Horizonte e região.

Contato: 31 99548-3280

#PDSolucoesDigitais #AssistenciaTecnica #Informatica #Manutencao #Conserto #Computador #Tecnico #Contagem #SuporteTecnico #Tecnologia #BeloHorizonte #Notebook #TI #Redes #SegurancaEletronica";;sim;sim;pendente;pendente;
6;câmeras_e_dvr_suporte_técnico_digital.png;Câmeras e DVR;"Câmeras, DVR ou acesso pelo celular com problema?

A PD Soluções Digitais oferece suporte técnico em segurança eletrônica, configuração de DVR, acesso remoto, câmeras, aplicativos e orientação para visualização pelo celular.

Mais controle e segurança para sua casa, empresa ou comércio.

Atendimento em Contagem e região.

Fale conosco: 31 99548-3280

#PDSolucoesDigitais #AssistenciaTecnica #Informatica #Manutencao #Conserto #Computador #Tecnico #Contagem #SuporteTecnico #Tecnologia #BeloHorizonte #Notebook #TI #Redes #SegurancaEletronica";"Suporte técnico para câmeras, DVR e acesso remoto.

A PD Soluções Digitais atua com segurança eletrônica, configuração de sistemas de câmeras, manutenção básica, acesso pelo celular e orientação técnica para empresas, comércios e residências.

Atendimento em Contagem e região.

Contato: 31 99548-3280

#PDSolucoesDigitais #AssistenciaTecnica #Informatica #Manutencao #Conserto #Computador #Tecnico #Contagem #SuporteTecnico #Tecnologia #BeloHorizonte #Notebook #TI #Redes #SegurancaEletronica";;sim;sim;pendente;pendente;
7;manutenção_preventiva_em_informática.png;Manutenção preventiva;"Manutenção preventiva evita dor de cabeça.

A PD Soluções Digitais realiza manutenção em computadores e notebooks, limpeza lógica, ajustes, verificação de desempenho, organização do sistema e suporte técnico para evitar falhas e lentidão.

Mais vida útil e melhor desempenho para seu equipamento.

Atendimento em Contagem e região.

Fale conosco: 31 99548-3280

#PDSolucoesDigitais #AssistenciaTecnica #Informatica #Manutencao #Conserto #Computador #Tecnico #Contagem #SuporteTecnico #Tecnologia #BeloHorizonte #Notebook #TI #Redes #SegurancaEletronica";"Manutenção preventiva em informática para reduzir falhas e melhorar desempenho.

A PD Soluções Digitais oferece suporte técnico, manutenção, ajustes e orientação para computadores e notebooks usados em residências, empresas e pequenos comércios.

Atendimento em Contagem, Belo Horizonte e região.

Contato: 31 99548-3280

#PDSolucoesDigitais #AssistenciaTecnica #Informatica #Manutencao #Conserto #Computador #Tecnico #Contagem #SuporteTecnico #Tecnologia #BeloHorizonte #Notebook #TI #Redes #SegurancaEletronica";;sim;sim;pendente;pendente;
8;serviços_digitais_e_suporte_técnico.png;Serviços digitais;"Precisa de ajuda com Gov.br, certidões, agendamentos ou documentos digitais?

A PD Soluções Digitais oferece auxílio em serviços digitais com atendimento humanizado, orientação clara e cuidado com as informações.

Ideal para quem precisa resolver solicitações online com mais segurança e praticidade.

Atendimento em Contagem e região.

Fale conosco: 31 99548-3280

#PDSolucoesDigitais #AssistenciaTecnica #Informatica #Manutencao #Conserto #Computador #Tecnico #Contagem #SuporteTecnico #Tecnologia #BeloHorizonte #Notebook #TI #Redes #SegurancaEletronica";"Serviços digitais com orientação clara e atendimento humanizado.

A PD Soluções Digitais auxilia em Gov.br, certidões, agendamentos, documentos digitais e demandas online, principalmente para quem precisa de apoio técnico e segurança no processo.

Atendimento em Contagem, Belo Horizonte e região.

Contato: 31 99548-3280

#PDSolucoesDigitais #AssistenciaTecnica #Informatica #Manutencao #Conserto #Computador #Tecnico #Contagem #SuporteTecnico #Tecnologia #BeloHorizonte #Notebook #TI #Redes #SegurancaEletronica";;sim;sim;pendente;pendente;
9;consultoria_em_tecnologia_e_eficiência.png;Consultoria empresarial em TI;"Sua empresa precisa de mais organização em tecnologia?

A PD Soluções Digitais oferece consultoria empresarial em TI, suporte técnico, informática, redes, segurança eletrônica, manutenção de computadores e orientação para empresas e pequenos comércios.

Tecnologia com menos dor de cabeça para sua operação.

Atendimento em Contagem e região.

Fale conosco: 31 99548-3280

#PDSolucoesDigitais #AssistenciaTecnica #Informatica #Manutencao #Conserto #Computador #Tecnico #Contagem #SuporteTecnico #Tecnologia #BeloHorizonte #Notebook #TI #Redes #SegurancaEletronica";"Consultoria empresarial em TI para pequenas empresas e comércios.

A PD Soluções Digitais oferece suporte técnico, manutenção, organização de infraestrutura, redes, informática, segurança eletrônica e orientação técnica para melhorar a operação com tecnologia.

Atendimento em Contagem, Belo Horizonte e região.

Contato: 31 99548-3280

#PDSolucoesDigitais #AssistenciaTecnica #Informatica #Manutencao #Conserto #Computador #Tecnico #Contagem #SuporteTecnico #Tecnologia #BeloHorizonte #Notebook #TI #Redes #SegurancaEletronica";;sim;sim;pendente;pendente;
10;planos_de_chamados_pd_soluções_digitais.png;Planos de chamados para empresas;"Sua empresa precisa de suporte técnico, mas não quer manter um custo fixo alto com TI interno?

A PD Soluções Digitais oferece planos de chamados para empresas e comércios, com atendimento remoto e presencial conforme a necessidade.

Suporte em informática, manutenção, computador, redes, sistemas e orientação técnica.

Atendimento em Contagem e região.

Fale conosco: 31 99548-3280

#PDSolucoesDigitais #AssistenciaTecnica #Informatica #Manutencao #Conserto #Computador #Tecnico #Contagem #SuporteTecnico #Tecnologia #BeloHorizonte #Notebook #TI #Redes #SegurancaEletronica";"Planos de chamados para empresas e pequenos comércios.

A PD Soluções Digitais oferece suporte técnico sob demanda, com atendimento remoto e presencial, para empresas que precisam de apoio em informática, manutenção, computadores, redes, sistemas e tecnologia no dia a dia.

Uma alternativa prática para reduzir custos fixos e manter suporte profissional.

Contato: 31 99548-3280

#PDSolucoesDigitais #AssistenciaTecnica #Informatica #Manutencao #Conserto #Computador #Tecnico #Contagem #SuporteTecnico #Tecnologia #BeloHorizonte #Notebook #TI #Redes #SegurancaEletronica";;sim;sim;pendente;pendente;
